ESTADO,DEMARCACIÓN,SUBPROGRAMA,CAPÍTULO,CONCEPTO,PARTIDA GENÉRICA,BIEN,ITEM_PRENDA,TOTAL_FINAL,MEDIDA,CANTIDAD,PRECIO_UNITARIO
Aguascalientes,Seguridad Publica Estatal,02,2000,2700,271,001002,Boina,49300.00,Pieza,100,493
Aguascalientes,Seguridad Publica Estatal,02,2000,2700,271,001003,Botas,3796912.00,Par,1091,3480.212649
Aguascalientes,Seguridad Publica Estatal,02,2000,2700,271,001005,Camisa,2197958.72,Pieza,991,2217.92
Aguascalientes,Seguridad Publica Estatal,02,2000,2700,271,001006,Camisola (especificar),2745697.96,Pieza,1191,2305.371923
Aguascalientes,Seguridad Publica Estatal,02,2000,2700,271,001008,Chamarra,1136916.00,Pieza,300,3789.72
Aguascalientes,Seguridad Publica Estatal,02,2000,2700,271,001010,Cinturon tactico,198708.00,Pieza,300,662.36
Aguascalientes,Seguridad Publica Estatal,02,2000,2700,271,001014,Gorra tipo beisbolera,1048282.72,Pieza,2182,480.4228781
Aguascalientes,Seguridad Publica Estatal,02,2000,2700,271,001016,Impermeable,117624.00,Pieza,200,588.12
Aguascalientes,Seguridad Publica Estatal,02,2000,2700,271,001018,Kepi,127368.00,Pieza,200,636.84
Aguascalientes,Seguridad Publica Estatal,02,2000,2700,271,001021,Pantalon (especificar),4375678.92,Pieza,2182,2005.352392
Aguascalientes,Seguridad Publica Estatal,02,2000,2700,271,001023,Pasa montañas tactico,164742.04,Pieza,301,547.3157475
Aguascalientes,Seguridad Publica Estatal,02,2000,2700,271,001027,Porta cargador,480507.95,Pieza,601,799.5140599
Aguascalientes,Seguridad Publica Estatal,02,2000,2700,271,001029,Porta fusil tactico,551000.00,Pieza,400,1377.5
Aguascalientes,Seguridad Publica Estatal,02,2000,2700,271,001042,Zapato,1835847.32,Par,991,1852.52
Aguascalientes,Seguridad Publica Municipal,02,2000,2700,271,002003,Botas,2122684.00,Par,631,3364
Aguascalientes,Seguridad Publica Municipal,02,2000,2700,271,002006,Camisa,2923218.56,Pieza,1318,2217.92
Aguascalientes,Seguridad Publica Municipal,02,2000,2700,271,002007,Camisola (especificar),1660524.92,Pieza,757,2193.56
Aguascalientes,Seguridad Publica Municipal,02,2000,2700,271,002008,Chaleco tactico,119031.08,Pieza,137,868.84
Aguascalientes,Seguridad Publica Municipal,02,2000,2700,271,002009,Chamarra (especificar),2126032.92,Pieza,561,3789.72
Aguascalientes,Seguridad Publica Municipal,02,2000,2700,271,002011,Cinturon tactico,320582.24,Pieza,484,662.36
Aguascalientes,Seguridad Publica Municipal,02,2000,2700,271,002014,Funda lateral,226432.00,Pieza,122,1856
Aguascalientes,Seguridad Publica Municipal,02,2000,2700,271,002015,Gorra tipo beisbolera,396548.32,Pieza,842,470.96
Aguascalientes,Seguridad Publica Municipal,02,2000,2700,271,002018,Insignias y divisas,112632.52,Pieza,143,787.64
Aguascalientes,Seguridad Publica Municipal,02,2000,2700,271,002019,Kepi,147110.04,Pieza,231,636.84
Aguascalientes,Seguridad Publica Municipal,02,2000,2700,271,002020,Overol tactico,65311.48,Pieza,71,919.88
Aguascalientes,Seguridad Publica Municipal,02,2000,2700,271,002021,Pantalon (especificar),3116694.96,Pieza,1491,2090.338672
Aguascalientes,Seguridad Publica Municipal,02,2000,2700,271,002022,Pantalonera,104852.40,Pieza,131,800.4
Aguascalientes,Seguridad Publica Municipal,02,2000,2700,271,002023,Pasa montañas tactico,25902.80,Pieza,70,370.04
Aguascalientes,Seguridad Publica Municipal,02,2000,2700,271,002025,Playera,736819.24,Pieza,1281,575.1906635
Aguascalientes,Seguridad Publica Municipal,02,2000,2700,271,002027,Porta cargador,290465.16,Pieza,437,664.68
Aguascalientes,Seguridad Publica Municipal,02,2000,2700,271,002029,Porta fusil tactico,364641.36,Pieza,256,1424.380313
Aguascalientes,Seguridad Publica Municipal,02,2000,2700,271,002038,Sudadera,160880.40,Pieza,201,800.4
Aguascalientes,Seguridad Publica Municipal,02,2000,2700,271,002039,Tenis,391235.52,Par,276,1417.52
Aguascalientes,Seguridad Publica Municipal,02,2000,2700,271,002041,Traje de gala,629462.40,Pieza,136,4628.4
Aguascalientes,Seguridad Publica Municipal,02,2000,2700,271,002043,Zapato,1532034.04,Par,827,1852.52
Aguascalientes,Procuracion de Justicia,02,2000,2700,271,003003,Botas,403680.00,Par,120,3364
Aguascalientes,Procuracion de Justicia,02,2000,2700,271,003006,Camisola (especificar),263227.20,Pieza,120,2193.56
Aguascalientes,Procuracion de Justicia,02,2000,2700,271,003010,Cinturon tactico,84633.60,Pieza,120,705.28
Aguascalientes,Procuracion de Justicia,02,2000,2700,271,003020,Pantalon (especificar),266568.00,Pieza,120,2221.4
Baja California,Seguridad Publica Estatal,02,2000,2700,271,001003,Botas,2903850.00,Par,1250,2323.08
Baja California,Seguridad Publica Estatal,02,2000,2700,271,001006,Camisola (especificar),3087500.00,Pieza,1757,1757.256688
Baja California,Seguridad Publica Estatal,02,2000,2700,271,001008,Chamarra,3492000.00,Pieza,1111,3143.114311
Baja California,Seguridad Publica Estatal,02,2000,2700,271,001010,Cinturon tactico,945000.00,Pieza,925,1021.621622
Baja California,Seguridad Publica Estatal,02,2000,2700,271,001014,Gorra tipo beisbolera,170000.00,Pieza,463,367.1706263
Baja California,Seguridad Publica Estatal,02,2000,2700,271,001021,Pantalon (especificar),3057480.00,Pieza,1900,1609.2
Baja California,Seguridad Publica Estatal,02,2000,2700,271,001025,Playera,1405200.00,Pieza,1111,1264.806481
Baja California Sur,Seguridad Publica Estatal,02,2000,2700,271,001003,Botas,1803411.44,Par,485,3718.374103
Baja California Sur,Seguridad Publica Estatal,02,2000,2700,271,001008,Chamarra,265445.77,Pieza,61,4351.57
Baja California Sur,Seguridad Publica Estatal,02,2000,2700,271,001014,Gorra tipo beisbolera,215913.06,Pieza,486,444.2655556
Baja California Sur,Seguridad Publica Estatal,02,2000,2700,271,001029,Porta fusil tactico,734000.00,Pieza,400,1835
Baja California Sur,Seguridad Publica Municipal,02,2000,2700,271,002003,Botas ,1956272.00,Par,640,3056.675
Baja California Sur,Seguridad Publica Municipal,02,2000,2700,271,002006,Camisa,52896.00,Pieza,24,2204
Baja California Sur,Seguridad Publica Municipal,02,2000,2700,271,002007,Camisola (especificar),1637544.00,Pieza,710,2306.4
Baja California Sur,Seguridad Publica Municipal,02,2000,2700,271,002009,Chamarra (especificar),170320.00,Pieza,63,2703.492063
Baja California Sur,Seguridad Publica Municipal,02,2000,2700,271,002015,Gorra tipo beisbolera,302204.00,Pieza,590,512.2101695
Baja California Sur,Seguridad Publica Municipal,02,2000,2700,271,002021,Pantalon (especificar),1303200.00,Pieza,704,1851.136364
Baja California Sur,Seguridad Publica Municipal,02,2000,2700,271,002029,Porta fusil tactico,32712.00,Pieza,47,696
Baja California Sur,Seguridad Publica Municipal,02,2000,2700,271,002043,Zapato,87680.00,Par,40,2192
Baja California Sur,Procuracion de Justicia,02,2000,2700,271,003003,Botas,1860292.00,Par,553,3364
Baja California Sur,Procuracion de Justicia,02,2000,2700,271,003005,Camisa (especificar),855604.00,Pieza,751,1139.286285
Baja California Sur,Procuracion de Justicia,02,2000,2700,271,003010,Cinturon tactico,462308.00,Pieza,553,836
Baja California Sur,Procuracion de Justicia,02,2000,2700,271,003013,Funda lateral,422240.00,Pieza,104,4060
Baja California Sur,Procuracion de Justicia,02,2000,2700,271,003014,Gorra tipo beisbolera,314657.00,Pieza,553,569
Baja California Sur,Procuracion de Justicia,02,2000,2700,271,003020,Pantalon (especificar),1186032.00,Pieza,741,1600.582996
Baja California Sur,Procuracion de Justicia,02,2000,2700,271,003024,Playera,1033544.00,Pieza,741,1394.796221
Baja California Sur,Procuracion de Justicia,02,2000,2700,271,003026,Porta cargador,406000.00,Pieza,100,4060
Baja California Sur,Procuracion de Justicia,02,2000,2700,271,003028,Porta fusil tactico,35000.00,Pieza,50,700
Campeche,Seguridad Publica Estatal,02,2000,2700,271,001001,Bermuda,56000.00,Pieza,35,1600
Campeche,Seguridad Publica Estatal,02,2000,2700,271,001003,Botas,2197200.00,Par,1831,1200
Campeche,Seguridad Publica Estatal,02,2000,2700,271,001005,Camisa,480000.00,Pieza,600,800
Campeche,Seguridad Publica Estatal,02,2000,2700,271,001006,Camisola (especificar),5379200.00,Pieza,3362,1600
Campeche,Seguridad Publica Estatal,02,2000,2700,271,001009,Chanchomon (especificar),1007050.00,Pieza,1831,550
Campeche,Seguridad Publica Estatal,02,2000,2700,271,001010,Cinturon tactico,787330.00,Pieza,1831,430
Campeche,Seguridad Publica Estatal,02,2000,2700,271,001021,Pantalon (especificar),2929600.00,Pieza,1831,1600
Campeche,Seguridad Publica Municipal,02,2000,2700,271,002003,Botas,1009200.00,Par,841,1200
Campeche,Seguridad Publica Municipal,02,2000,2700,271,002007,Camisola (especificar),2467200.00,Pieza,1542,1600
Campeche,Seguridad Publica Municipal,02,2000,2700,271,002010,Chanchomon (especificar),462550.00,Pieza,841,550
Campeche,Seguridad Publica Municipal,02,2000,2700,271,002011,Cinturon tactico,361630.00,Pieza,841,430
Campeche,Seguridad Publica Municipal,02,2000,2700,271,002021,Pantalon (especificar),1345600.00,Pieza,841,1600
Campeche,Procuracion de Justicia,02,2000,2700,271,003003,Botas,1785000.00,Par,700,2550
Campeche,Procuracion de Justicia,02,2000,2700,271,003006,Camisola (especificar),929740.00,Pieza,350,2656.4
Campeche,Procuracion de Justicia,02,2000,2700,271,003016,Impermeable,105000.00,Pieza,150,700
Campeche,Procuracion de Justicia,02,2000,2700,271,003020,Pantalon (especificar),998760.00,Pieza,350,2853.6
Chiapas,Seguridad Publica Estatal,02,2000,2700,271,001003,Botas,3508257.60,Par,2480,1414.62
Chiapas,Seguridad Publica Estatal,02,2000,2700,271,001006,Camisola (especificar),4355475.20,Pieza,2480,1756.24
Chiapas,Seguridad Publica Estatal,02,2000,2700,271,001014,Gorra tipo beisbolera,1480113.60,Pieza,2480,596.82
Chiapas,Seguridad Publica Estatal,02,2000,2700,271,001021,Pantalon (especificar),4223142.40,Pieza,2480,1702.88
Chiapas,Seguridad Publica Estatal,02,2000,2700,271,001025,Playera,627142.40,Pieza,2480,252.88
Chiapas,Seguridad Publica Estatal,02,2000,2700,271,001029,Porta fusil tactico,148800.00,Pieza,372,400
Chiapas,Seguridad Publica Municipal,02,2000,2700,271,002003,Botas,3859083.36,Par,2728,1414.62
Chiapas,Seguridad Publica Municipal,02,2000,2700,271,002007,Camisola (especificar),4791022.72,Pieza,2728,1756.24
Chiapas,Seguridad Publica Municipal,02,2000,2700,271,002009,Chamarra (especificar),649600.00,Pieza,200,3248
Chiapas,Seguridad Publica Municipal,02,2000,2700,271,002015,Gorra tipo beisbolera,1628124.96,Pieza,2728,596.82
Chiapas,Seguridad Publica Municipal,02,2000,2700,271,002017,Impermeable,3512572.80,Pieza,2728,1287.6
Chiapas,Seguridad Publica Municipal,02,2000,2700,271,002021,Pantalon (especificar),4645456.64,Pieza,2728,1702.88
Chiapas,Seguridad Publica Municipal,02,2000,2700,271,002025,Playera,3351184.32,Pieza,5456,614.22
Chihuahua,Seguridad Publica Estatal,02,2000,2700,271,001006,Camisola (especificar),8676000.00,Pieza,3856,2250
Chihuahua,Seguridad Publica Estatal,02,2000,2700,271,001008,Chamarra,499868.85,Pieza,142,3520.203169
Chihuahua,Seguridad Publica Estatal,02,2000,2700,271,001010,Cinturon tactico,731500.00,Pieza,1463,500
Chihuahua,Seguridad Publica Estatal,02,2000,2700,271,001013,Funda lateral,257400.00,Pieza,66,3900
Chihuahua,Seguridad Publica Estatal,02,2000,2700,271,001014,Gorra tipo beisbolera,585200.00,Pieza,1463,400
Chihuahua,Seguridad Publica Estatal,02,2000,2700,271,001017,Insignias y divisas,4048800.00,Pieza,1928,2100
Chihuahua,Seguridad Publica Estatal,02,2000,2700,271,001021,Pantalon (especificar),6144600.00,Pieza,2926,2100
Chihuahua,Seguridad Publica Estatal,02,2000,2700,271,001027,Porta cargador,54120.00,Pieza,66,820
Chihuahua,Seguridad Publica Estatal,02,2000,2700,271,001028,Porta esposas,54120.00,Pieza,66,820
Chihuahua,Seguridad Publica Estatal,02,2000,2700,271,001030,Porta lampara,54120.00,Pieza,66,820
Chihuahua,Seguridad Publica Municipal,02,2000,2700,271,002003,Botas,5614777.00,Par,1627,3451
Chihuahua,Seguridad Publica Municipal,02,2000,2700,271,002007,Camisola (especificar),3646302.24,Pieza,1627,2241.12
Chihuahua,Seguridad Publica Municipal,02,2000,2700,271,002009,Chamarra (especificar),4236993.28,Pieza,1210,3501.647339
Chihuahua,Seguridad Publica Municipal,02,2000,2700,271,002015,Gorra tipo beisbolera,739829.44,Pieza,1627,454.72
Chihuahua,Seguridad Publica Municipal,02,2000,2700,271,002018,Insignias y divisas,3019712.00,Pieza,1627,1856
Chihuahua,Seguridad Publica Municipal,02,2000,2700,271,002021,Pantalon (especificar),3540612.32,Pieza,1627,2176.16
Ciudad de Mexico,Seguridad Publica Estatal,02,2000,2700,271,001005,Camisa,61569830.00,Pieza,41450,1485.4
Ciudad de Mexico,Seguridad Publica Estatal,02,2000,2700,271,001008,Chamarra,120112566.50,Pieza,41450,2897.77
Ciudad de Mexico,Seguridad Publica Estatal,02,2000,2700,271,001014,Gorra tipo beisbolera,15896075.00,Pieza,41450,383.5
Ciudad de Mexico,Seguridad Publica Estatal,02,2000,2700,271,001015,Guantes de gala,296.04,Par,1,296.04
Ciudad de Mexico,Seguridad Publica Estatal,02,2000,2700,271,001021,Pantalon (especificar),48803230.00,Pieza,41450,1177.4
Coahuila,No Aplica,No Aplica,No Aplica,No Aplica,No Aplica,No Aplica,No Aplica,No Aplica,No Aplica,No Aplica,No Aplica
Colima,Seguridad Publica Estatal,02,2000,2700,271,001003,Botas,1855826.00,Par,653,2842
Colima,Seguridad Publica Estatal,02,2000,2700,271,001006,Camisola (especificar),2195177.04,Pieza,1306,1680.84
Colima,Seguridad Publica Estatal,02,2000,2700,271,001008,Chamarra,846336.00,Pieza,304,2784
Colima,Seguridad Publica Estatal,02,2000,2700,271,001010,Cinturon tactico,415689.47,Pieza,654,635.6108104
Colima,Seguridad Publica Estatal,02,2000,2700,271,001014,Gorra tipo beisbolera,241636.12,Pieza,653,370.04
Colima,Seguridad Publica Estatal,02,2000,2700,271,001016,Impermeable,156504.88,Pieza,322,486.04
Colima,Seguridad Publica Estatal,02,2000,2700,271,001017,Insignias y divisas,605226.52,Pieza,653,926.84
Colima,Seguridad Publica Estatal,02,2000,2700,271,001021,Pantalon (especificar),1967933.04,Pieza,1306,1506.84
Colima,Seguridad Publica Estatal,02,2000,2700,271,001025,Playera,27608.00,Pieza,20,1380.4
Colima,Seguridad Publica Estatal,02,2000,2700,271,001035,Short,29904.80,Pieza,20,1495.24
Colima,Seguridad Publica Estatal,02,2000,2700,271,001038,Tenis,44000.00,Par,20,2200
Durango,Seguridad Publica Estatal,02,2000,2700,271,001003,Botas,2274300.00,Par,950,2394
Durango,Seguridad Publica Estatal,02,2000,2700,271,001005,Camisa,326880.00,Pieza,160,2043
Durango,Seguridad Publica Estatal,02,2000,2700,271,001006,Camisola (especificar),1947500.00,Pieza,950,2050
Durango,Seguridad Publica Estatal,02,2000,2700,271,001007,Chaleco tactico,183520.00,Pieza,80,2294
Durango,Seguridad Publica Estatal,02,2000,2700,271,001013,Funda lateral,450000.00,Pieza,180,2500
Durango,Seguridad Publica Estatal,02,2000,2700,271,001014,Gorra tipo beisbolera,490200.00,Pieza,950,516
Durango,Seguridad Publica Estatal,02,2000,2700,271,001017,Insignias y divisas,170000.00,Pieza,950,178.9473684
Durango,Seguridad Publica Estatal,02,2000,2700,271,001021,Pantalon (especificar),143840.00,Pieza,80,1798
Durango,Seguridad Publica Estatal,02,2000,2700,271,001022,Pantalonera,1714750.00,Pieza,950,1805
Durango,Seguridad Publica Municipal,02,2000,2700,271,002003,Botas,1675800.00,Par,700,2394
Durango,Seguridad Publica Municipal,02,2000,2700,271,002007,Camisola (especificar),1435000.00,Pieza,700,2050
Durango,Seguridad Publica Municipal,02,2000,2700,271,002009,Chamarra (especificar),688731.00,Pieza,140,4919.507143
Durango,Seguridad Publica Municipal,02,2000,2700,271,002015,Gorra tipo beisbolera,361200.00,Pieza,700,516
Durango,Seguridad Publica Municipal,02,2000,2700,271,002022,Pantalonera,1263500.00,Pieza,700,1805
Durango,Procuracion de Justicia,02,2000,2700,271,003003,Botas,1377500.00,Par,475,2900
Durango,Procuracion de Justicia,02,2000,2700,271,003006,Camisola (especificar),893550.00,Pieza,483,1850
Durango,Procuracion de Justicia,02,2000,2700,271,003008,Chamarra (especificar),2173500.00,Pieza,483,4500
Durango,Procuracion de Justicia,02,2000,2700,271,003010,Cinturon tactico,647425.00,Pieza,475,1363
Durango,Procuracion de Justicia,02,2000,2700,271,003013,Funda lateral,1851360.00,Pieza,950,1948.8
Durango,Procuracion de Justicia,02,2000,2700,271,003021,Pantalonera,796950.00,Pieza,483,1650
Estado de Mexico,Seguridad Publica Estatal,02,2000,2700,271,001003,Botas,10728635.84,Par,5876,1825.84
Estado de Mexico,Seguridad Publica Estatal,02,2000,2700,271,001006,Camisola (especificar),29614397.48,Pieza,17929,1651.759578
Estado de Mexico,Seguridad Publica Estatal,02,2000,2700,271,001008,Chamarra,21252231.04,Pieza,6109,3478.839587
Estado de Mexico,Seguridad Publica Estatal,02,2000,2700,271,001010,Cinturon tactico,6724603.52,Pieza,17674,380.48
Estado de Mexico,Seguridad Publica Estatal,02,2000,2700,271,001014,Gorra tipo beisbolera,11111997.28,Pieza,17674,628.72
Estado de Mexico,Seguridad Publica Estatal,02,2000,2700,271,001021,Pantalon (especificar),28870448.88,Pieza,17929,1610.265429
Estado de Mexico,Seguridad Publica Estatal,02,2000,2700,271,001047,Botin,19214694.72,Par,11798,1628.64
Estado de Mexico,Seguridad Publica Municipal,02,2000,2700,271,002002,Boina,8704.00,Pieza,17,512
Estado de Mexico,Seguridad Publica Municipal,02,2000,2700,271,002003,Botas,7341089.50,Par,2702,2716.909511
Estado de Mexico,Seguridad Publica Municipal,02,2000,2700,271,002004,Botines,31095.00,Par,13,2391.923077
Estado de Mexico,Seguridad Publica Municipal,02,2000,2700,271,002005,Calceton,1524.00,Par,19,80.21052632
Estado de Mexico,Seguridad Publica Municipal,02,2000,2700,271,002006,Camisa,521206.00,Pieza,310,1681.309677
Estado de Mexico,Seguridad Publica Municipal,02,2000,2700,271,002007,Camisola (especificar),4107088.50,Pieza,2258,1818.905447
Estado de Mexico,Seguridad Publica Municipal,02,2000,2700,271,002008,Chaleco tactico,623611.00,Pieza,226,2759.340708
Estado de Mexico,Seguridad Publica Municipal,02,2000,2700,271,002009,Chamarra (especificar),6846560.10,Pieza,2111,3243.278115
Estado de Mexico,Seguridad Publica Municipal,02,2000,2700,271,002010,Chanchomon (especificar),9738.00,Pieza,27,360.6666667
Estado de Mexico,Seguridad Publica Municipal,02,2000,2700,271,002011,Cinturon tactico,614252.00,Pieza,880,698.0136364
Estado de Mexico,Seguridad Publica Municipal,02,2000,2700,271,002012,Corbata,4620.00,Pieza,12,385
Estado de Mexico,Seguridad Publica Municipal,02,2000,2700,271,002014,Funda lateral,19848.00,Pieza,12,1654
Estado de Mexico,Seguridad Publica Municipal,02,2000,2700,271,002015,Gorra tipo beisbolera,1151375.60,Pieza,2546,452.2292223
Estado de Mexico,Seguridad Publica Municipal,02,2000,2700,271,002016,Guantes de gala,7236.00,Par,48,150.75
Estado de Mexico,Seguridad Publica Municipal,02,2000,2700,271,002017,Impermeable,300503.40,Pieza,415,724.1045783
Estado de Mexico,Seguridad Publica Municipal,02,2000,2700,271,002018,Insignias y divisas,410413.00,Pieza,395,1039.020253
Estado de Mexico,Seguridad Publica Municipal,02,2000,2700,271,002019,Kepi,67739.60,Pieza,110,615.8145455
Estado de Mexico,Seguridad Publica Municipal,02,2000,2700,271,002020,Overol tactico,110796.00,Pieza,84,1319
Estado de Mexico,Seguridad Publica Municipal,02,2000,2700,271,002021,Pantalon (especificar),5174144.00,Pieza,2718,1903.658572
Estado de Mexico,Seguridad Publica Municipal,02,2000,2700,271,002023,Pasa montañas tactico,238487.00,Pieza,244,977.4057377
Estado de Mexico,Seguridad Publica Municipal,02,2000,2700,271,002025,Playera,1115332.50,Pieza,1592,700.5857412
Estado de Mexico,Seguridad Publica Municipal,02,2000,2700,271,002027,Porta cargador,330.00,Pieza,1,330
Estado de Mexico,Seguridad Publica Municipal,02,2000,2700,271,002028,Porta esposas,25086.00,Pieza,79,317.5443038
Estado de Mexico,Seguridad Publica Municipal,02,2000,2700,271,002029,Porta fusil tactico,103313.00,Pieza,99,1043.565657
Estado de Mexico,Seguridad Publica Municipal,02,2000,2700,271,002030,Porta lampara,20595.00,Pieza,39,528.0769231
Estado de Mexico,Seguridad Publica Municipal,02,2000,2700,271,002031,Porta radio,10000.00,Pieza,20,500
Estado de Mexico,Seguridad Publica Municipal,02,2000,2700,271,002032,Porta silbato,16420.00,Pieza,64,256.5625
Estado de Mexico,Seguridad Publica Municipal,02,2000,2700,271,002033,Rompevientos,155351.00,Pieza,84,1849.416667
Estado de Mexico,Seguridad Publica Municipal,02,2000,2700,271,002034,Saco,9517.00,Pieza,6,1586.166667
Estado de Mexico,Seguridad Publica Municipal,02,2000,2700,271,002036,Silbato policia,98520.10,Pieza,561,175.6151515
Estado de Mexico,Seguridad Publica Municipal,02,2000,2700,271,002038,Sudadera,662749.00,Pieza,388,1708.115979
Estado de Mexico,Seguridad Publica Municipal,02,2000,2700,271,002039,Tenis,248954.00,Par,153,1627.150327
Estado de Mexico,Seguridad Publica Municipal,02,2000,2700,271,002040,Tocado con bordado,380.00,Pieza,1,380
Estado de Mexico,Seguridad Publica Municipal,02,2000,2700,271,002041,Traje de gala,673382.00,Pieza,107,6293.28972
Estado de Mexico,Seguridad Publica Municipal,02,2000,2700,271,002042,Traje tactico completo,686838.00,Pieza,162,4239.740741
Estado de Mexico,Seguridad Publica Municipal,02,2000,2700,271,002043,Zapato,310177.00,Par,167,1857.347305
Guerrero,Seguridad Publica Estatal,02,2000,2700,271,001002,Boina,77403.78,Pieza,172,450.0219767
Guerrero,Seguridad Publica Estatal,02,2000,2700,271,001003,Botas,11151000.00,Par,7434,1500
Guerrero,Seguridad Publica Estatal,02,2000,2700,271,001006,Camisola (especificar),9564160.00,Pieza,7690,1243.713914
Guerrero,Seguridad Publica Estatal,02,2000,2700,271,001010,Cinturon tactico,1461100.00,Pieza,7690,190
Guerrero,Seguridad Publica Estatal,02,2000,2700,271,001014,Gorra tipo beisbolera,1922500.00,Pieza,7690,250
Guerrero,Seguridad Publica Estatal,02,2000,2700,271,001017,Insignias y divisas,2691500.00,Pieza,7690,350
Guerrero,Seguridad Publica Estatal,02,2000,2700,271,001021,Pantalon (especificar),9766300.00,Pieza,7690,1270
Guerrero,Seguridad Publica Estatal,02,2000,2700,271,001025,Playera,2168580.00,Pieza,7690,282
Guerrero,Seguridad Publica Estatal,02,2000,2700,271,001042,Zapato,287488.00,Par,258,1114.294574
Hidalgo,Seguridad Publica Estatal,02,2000,2700,271,001003,Botas,153120.00,Par,60,2552
Hidalgo,Seguridad Publica Estatal,02,2000,2700,271,001007,Chaleco tactico,696000.00,Pieza,60,11600
Hidalgo,Seguridad Publica Estatal,02,2000,2700,271,001008,Chamarra,243600.00,Pieza,60,4060
Hidalgo,Seguridad Publica Estatal,02,2000,2700,271,001021,Pantalon (especificar),70156.80,Pieza,60,1169.28
Hidalgo,Seguridad Publica Estatal,02,2000,2700,271,001025,Playera,160080.00,Pieza,60,2668
Hidalgo,Seguridad Publica Municipal,02,2000,2700,271,002003,Botas,4409949.00,Par,2000,2204.9745
Hidalgo,Seguridad Publica Municipal,02,2000,2700,271,002007,Camisola (especificar),7643440.00,Pieza,4000,1910.86
Hidalgo,Seguridad Publica Municipal,02,2000,2700,271,002009,Chamarra (especificar),4933132.00,Pieza,2000,2466.566
Hidalgo,Seguridad Publica Municipal,02,2000,2700,271,002011,Cinturon tactico,505760.00,Pieza,2000,252.88
Hidalgo,Seguridad Publica Municipal,02,2000,2700,271,002015,Gorra tipo beisbolera,614800.00,Pieza,2000,307.4
Hidalgo,Seguridad Publica Municipal,02,2000,2700,271,002021,Pantalon (especificar),6229756.80,Pieza,4000,1557.4392
Hidalgo,Seguridad Publica Municipal,02,2000,2700,271,002025,Playera,3118080.00,Pieza,4000,779.52
Hidalgo,Procuracion de Justicia,02,2000,2700,271,003003,Botas,1650100.00,Par,500,3300.2
Hidalgo,Procuracion de Justicia,02,2000,2700,271,003006,Camisola (especificar),1386200.00,Pieza,500,2772.4
Hidalgo,Procuracion de Justicia,02,2000,2700,271,003008,Chamarra (especificar),1276000.00,Pieza,500,2552
Hidalgo,Procuracion de Justicia,02,2000,2700,271,003020,Pantalon (especificar),1374600.00,Pieza,500,2749.2
Hidalgo,Procuracion de Justicia,02,2000,2700,271,003024,Playera,336400.00,Pieza,500,672.8
Jalisco,Seguridad Publica Estatal,02,2000,2700,271,001001,Bermuda,112000.00,Pieza,100,1120
Jalisco,Seguridad Publica Estatal,02,2000,2700,271,001003,Botas,15868000.00,Par,4737,3349.799451
Jalisco,Seguridad Publica Estatal,02,2000,2700,271,001006,Camisola (especificar),8632005.00,Pieza,4516,1911.427148
Jalisco,Seguridad Publica Estatal,02,2000,2700,271,001021,Pantalon (especificar),8357000.00,Pieza,4567,1829.866433
Jalisco,Seguridad Publica Estatal,02,2000,2700,271,001025,Playera,115000.00,Pieza,100,1150
Jalisco,Seguridad Publica Municipal,02,2000,2700,271,002003,Botas,8160000.00,Par,5000,1632
Jalisco,Seguridad Publica Municipal,02,2000,2700,271,002007,Camisola (especificar),7350350.00,Pieza,5000,1470.07
Jalisco,Seguridad Publica Municipal,02,2000,2700,271,002021,Pantalon (especificar),7098350.00,Pieza,5000,1419.67
Michoacan,Seguridad Publica Estatal,02,2000,2700,271,001006,Camisola (especificar),828000.00,Pieza,600,1380
Michoacan,Seguridad Publica Estatal,02,2000,2700,271,001008,Chamarra,1739000.00,Pieza,560,3105.357143
Michoacan,Seguridad Publica Estatal,02,2000,2700,271,001021,Pantalon (especificar),933000.00,Pieza,600,1555
Michoacan,Seguridad Publica Municipal,02,2000,2700,271,002003,Botas,2465000.00,Par,1450,1700
Michoacan,Seguridad Publica Municipal,02,2000,2700,271,002007,Camisola (especificar),3045000.00,Pieza,1450,2100
Michoacan,Seguridad Publica Municipal,02,2000,2700,271,002015,Gorra tipo beisbolera,652500.00,Pieza,1450,450
Michoacan,Seguridad Publica Municipal,02,2000,2700,271,002021,Pantalon (especificar),2900000.00,Pieza,1450,2000
Michoacan,Seguridad Publica Municipal,02,2000,2700,271,002025,Playera,1015300.00,Pieza,1300,781
Morelos,Seguridad Publica Estatal,02,2000,2700,271,001003,Botas,1840000.00,Par,1150,1600
Morelos,Seguridad Publica Estatal,02,2000,2700,271,001005,Camisa,2601000.00,Pieza,1734,1500
Morelos,Seguridad Publica Estatal,02,2000,2700,271,001006,Camisola (especificar),1074000.00,Pieza,716,1500
Morelos,Seguridad Publica Estatal,02,2000,2700,271,001008,Chamarra,2070000.00,Pieza,1150,1800
Morelos,Seguridad Publica Estatal,02,2000,2700,271,001009,Chanchomon (especificar),402500.00,Pieza,1150,350
Morelos,Seguridad Publica Estatal,02,2000,2700,271,001021,Pantalon (especificar),3450000.00,Pieza,2300,1500
Morelos,Seguridad Publica Municipal,02,2000,2700,271,002003,Botas,2419200.00,Par,1512,1600
Morelos,Seguridad Publica Municipal,02,2000,2700,271,002007,Camisola (especificar),4536000.00,Pieza,3024,1500
Morelos,Seguridad Publica Municipal,02,2000,2700,271,002009,Chamarra (especificar),2721600.00,Pieza,1512,1800
Morelos,Seguridad Publica Municipal,02,2000,2700,271,002010,Chanchomon (especificar),529200.00,Pieza,1512,350
Morelos,Seguridad Publica Municipal,02,2000,2700,271,002021,Pantalon (especificar),4536000.00,Pieza,3024,1500
Morelos,Procuracion de Justicia,02,2000,2700,271,003003,Botas,802200.00,Par,280,2865
Morelos,Procuracion de Justicia,02,2000,2700,271,003005,Camisa (especificar),600040.00,Pieza,280,2143
Morelos,Procuracion de Justicia,02,2000,2700,271,003010,Cinturon tactico,110939.68,Pieza,283,392.0130035
Morelos,Procuracion de Justicia,02,2000,2700,271,003014,Gorra tipo beisbolera,122920.00,Pieza,280,439
Morelos,Procuracion de Justicia,02,2000,2700,271,003020,Pantalon (especificar),535920.00,Pieza,280,1914
Nayarit,Seguridad Publica Estatal,02,2000,2700,271,001003,Botas,1847899.50,Par,1038,1780.25
Nayarit,Seguridad Publica Estatal,02,2000,2700,271,001006,Camisola (especificar),1475838.78,Pieza,1038,1421.81
Nayarit,Seguridad Publica Estatal,02,2000,2700,271,001008,Chamarra,1971919.74,Pieza,1038,1899.73
Nayarit,Seguridad Publica Estatal,02,2000,2700,271,001010,Cinturon tactico,347252.52,Pieza,1038,334.54
Nayarit,Seguridad Publica Estatal,02,2000,2700,271,001014,Gorra tipo beisbolera,322454.70,Pieza,1038,310.65
Nayarit,Seguridad Publica Estatal,02,2000,2700,271,001016,Impermeable,855737.58,Pieza,1038,824.41
Nayarit,Seguridad Publica Estatal,02,2000,2700,271,001021,Pantalon (especificar),1426232.76,Pieza,1038,1374.02
Nayarit,Seguridad Publica Estatal,02,2000,2700,271,001025,Playera,260444.58,Pieza,1038,250.91
Nayarit,Seguridad Publica Municipal,02,2000,2700,271,002003,Botas,3175966.00,Par,1784,1780.25
Nayarit,Seguridad Publica Municipal,02,2000,2700,271,002007,Camisola (especificar),2536509.04,Pieza,1784,1421.81
Nayarit,Seguridad Publica Municipal,02,2000,2700,271,002009,Chamarra (especificar),3389118.32,Pieza,1784,1899.73
Nayarit,Seguridad Publica Municipal,02,2000,2700,271,002011,Cinturon tactico,596819.36,Pieza,1784,334.54
Nayarit,Seguridad Publica Municipal,02,2000,2700,271,002015,Gorra tipo beisbolera,554199.60,Pieza,1784,310.65
Nayarit,Seguridad Publica Municipal,02,2000,2700,271,002017,Impermeable,1470747.44,Pieza,1784,824.41
Nayarit,Seguridad Publica Municipal,02,2000,2700,271,002021,Pantalon (especificar),2451251.68,Pieza,1784,1374.02
Nayarit,Seguridad Publica Municipal,02,2000,2700,271,002025,Playera,447623.44,Pieza,1784,250.91
Nuevo Leon,Seguridad Publica Municipal,02,2000,2700,271,002003,Botas,4177036.00,Par,1719,2429.922048
Nuevo Leon,Seguridad Publica Municipal,02,2000,2700,271,002006,Camisa,2737026.00,Pieza,1719,1592.219895
Nuevo Leon,Seguridad Publica Municipal,02,2000,2700,271,002015,Gorra tipo beisbolera,736117.00,Pieza,1719,428.2239674
Nuevo Leon,Seguridad Publica Municipal,02,2000,2700,271,002021,Pantalon (especificar),2419821.00,Pieza,1719,1407.691099
Oaxaca,Seguridad Publica Estatal,02,2000,2700,271,001003,Botas,2499800.00,Par,1250,1999.84
Oaxaca,Seguridad Publica Estatal,02,2000,2700,271,001006,Camisola (especificar),1631250.00,Pieza,1250,1305
Oaxaca,Seguridad Publica Estatal,02,2000,2700,271,001008,Chamarra,2498000.00,Pieza,1250,1998.4
Oaxaca,Seguridad Publica Estatal,02,2000,2700,271,001010,Cinturon tactico,650000.00,Pieza,1250,520
Oaxaca,Seguridad Publica Estatal,02,2000,2700,271,001014,Gorra tipo beisbolera,344500.00,Pieza,1250,275.6
Oaxaca,Seguridad Publica Estatal,02,2000,2700,271,001016,Impermeable,388465.89,Pieza,550,706.3016182
Oaxaca,Seguridad Publica Estatal,02,2000,2700,271,001021,Pantalon (especificar),1993750.00,Pieza,1250,1595
Oaxaca,Seguridad Publica Municipal,02,2000,2700,271,002003,Botas,6589472.80,Par,3295,1999.84
Oaxaca,Seguridad Publica Municipal,02,2000,2700,271,002007,Camisola (especificar),1631250.00,Pieza,1250,1305
Oaxaca,Seguridad Publica Municipal,02,2000,2700,271,002009,Chamarra (especificar),2498000.00,Pieza,1250,1998.4
Oaxaca,Seguridad Publica Municipal,02,2000,2700,271,002011,Cinturon tactico,1690000.00,Pieza,3250,520
Oaxaca,Seguridad Publica Municipal,02,2000,2700,271,002015,Gorra tipo beisbolera,347212.09,Pieza,1259,275.784027
Oaxaca,Seguridad Publica Municipal,02,2000,2700,271,002017,Impermeable,884289.63,Pieza,1252,706.3016214
Oaxaca,Seguridad Publica Municipal,02,2000,2700,271,002021,Pantalon (especificar),5183750.00,Pieza,3250,1595
Oaxaca,Seguridad Publica Municipal,02,2000,2700,271,002025,Playera,1086437.24,Pieza,2000,543.21862
Oaxaca,Procuracion de Justicia,02,2000,2700,271,003003,Botas,1499880.00,Par,750,1999.84
Oaxaca,Procuracion de Justicia,02,2000,2700,271,003006,Camisola (especificar),453182.00,Pieza,347,1306
Oaxaca,Procuracion de Justicia,02,2000,2700,271,003013,Funda lateral,600000.00,Pieza,750,800
Oaxaca,Procuracion de Justicia,02,2000,2700,271,003014,Gorra tipo beisbolera,207552.00,Pieza,752,276
Oaxaca,Procuracion de Justicia,02,2000,2700,271,003016,Impermeable,175000.00,Pieza,250,700
Oaxaca,Procuracion de Justicia,02,2000,2700,271,003020,Pantalon (especificar),555060.00,Pieza,348,1595
Oaxaca,Procuracion de Justicia,02,2000,2700,271,003026,Porta cargador,400000.00,Pieza,500,800
Oaxaca,Procuracion de Justicia,02,2000,2700,271,003027,Porta esposas,300000.00,Pieza,500,600
Oaxaca,Procuracion de Justicia,02,2000,2700,271,003028,Porta fusil tactico,150000.00,Pieza,250,600
Oaxaca,Procuracion de Justicia,02,2000,2700,271,003029,Porta lampara,162500.00,Pieza,250,650
Puebla,Seguridad Publica Estatal,02,2000,2700,271,001003,Botas,7531200.00,Par,3423,2200.175285
Puebla,Seguridad Publica Estatal,02,2000,2700,271,001006,Camisola (especificar),4393000.00,Pieza,3379,1300.088784
Puebla,Seguridad Publica Estatal,02,2000,2700,271,001007,Chaleco tactico,1400000.00,Pieza,666,2102.102102
Puebla,Seguridad Publica Estatal,02,2000,2700,271,001008,Chamarra,5836800.00,Pieza,3243,1799.814986
Puebla,Seguridad Publica Estatal,02,2000,2700,271,001010,Cinturon tactico,1366080.00,Pieza,1708,799.8126464
Puebla,Seguridad Publica Estatal,02,2000,2700,271,001014,Gorra tipo beisbolera,1457600.00,Pieza,5206,279.9846331
Puebla,Seguridad Publica Estatal,02,2000,2700,271,001016,Impermeable,1873950.00,Pieza,3748,499.9866596
Puebla,Seguridad Publica Estatal,02,2000,2700,271,001018,Kepi,36000.00,Pieza,180,200
Puebla,Seguridad Publica Estatal,02,2000,2700,271,001021,Pantalon (especificar),5197816.00,Pieza,5197,1000.157014
Puebla,Seguridad Publica Estatal,02,2000,2700,271,001025,Playera,466240.00,Pieza,1200,388.5333333
Puebla,Seguridad Publica Estatal,02,2000,2700,271,001042,Zapato,999000.00,Par,999,1000
Puebla,Seguridad Publica Estatal,02,2000,2700,271,001043,Bota para motociclista,187200.00,Par,59,3172.881356
Puebla,Seguridad Publica Municipal,02,2000,2700,271,002003,Botas,9352659.75,Par,4012,2331.171423
Puebla,Seguridad Publica Municipal,02,2000,2700,271,002007,Camisola (especificar),5215600.00,Pieza,4012,1300
Puebla,Seguridad Publica Municipal,02,2000,2700,271,002009,Chamarra (especificar),7221600.00,Pieza,4012,1800
Puebla,Seguridad Publica Municipal,02,2000,2700,271,002011,Cinturon tactico,3209600.00,Pieza,4012,800
Puebla,Seguridad Publica Municipal,02,2000,2700,271,002014,Funda lateral,2006000.00,Pieza,4012,500
Puebla,Seguridad Publica Municipal,02,2000,2700,271,002015,Gorra tipo beisbolera,1123360.00,Pieza,4012,280
Puebla,Seguridad Publica Municipal,02,2000,2700,271,002021,Pantalon (especificar),4012000.00,Pieza,4012,1000
Puebla,Seguridad Publica Municipal,02,2000,2700,271,002025,Playera,1559980.25,Pieza,4012,388.8285768
Puebla,Seguridad Publica Municipal,02,2000,2700,271,002027,Porta cargador,1003000.00,Pieza,4012,250
Puebla,Seguridad Publica Municipal,02,2000,2700,271,002028,Porta esposas,802400.00,Pieza,4012,200
Puebla,Seguridad Publica Municipal,02,2000,2700,271,002029,Porta fusil tactico,2607800.00,Pieza,4012,650
Puebla,Procuracion de Justicia,02,2000,2700,271,003003,Botas,2678263.00,Par,1099,2437
Puebla,Procuracion de Justicia,02,2000,2700,271,003008,Chamarra (especificar),2032230.00,Pieza,1043,1948.446788
Puebla,Procuracion de Justicia,02,2000,2700,271,003020,Pantalon (especificar),1977101.00,Pieza,1099,1799
Puebla,Procuracion de Justicia,02,2000,2700,271,003024,Playera,605549.00,Pieza,1099,551
Queretaro,Seguridad Publica Estatal,02,2000,2700,271,001003,Botas,2975000.00,Par,850,3500
Queretaro,Seguridad Publica Estatal,02,2000,2700,271,001005,Camisa,3850000.00,Pieza,1750,2200
Queretaro,Seguridad Publica Estatal,02,2000,2700,271,001006,Camisola (especificar),1785000.00,Pieza,850,2100
Queretaro,Seguridad Publica Estatal,02,2000,2700,271,001008,Chamarra,1050000.00,Pieza,140,7500
Queretaro,Seguridad Publica Estatal,02,2000,2700,271,001014,Gorra tipo beisbolera,425000.00,Pieza,850,500
Queretaro,Seguridad Publica Estatal,02,2000,2700,271,001017,Insignias y divisas,1615000.00,Pieza,2550,633.3333333
Queretaro,Seguridad Publica Estatal,02,2000,2700,271,001021,Pantalon (especificar),5100000.00,Pieza,2550,2000
Queretaro,Seguridad Publica Estatal,02,2000,2700,271,001025,Playera,2810000.00,Pieza,2600,1080.769231
Queretaro,Seguridad Publica Estatal,02,2000,2700,271,001033,Rompevientos,1615000.00,Pieza,850,1900
Queretaro,Seguridad Publica Estatal,02,2000,2700,271,001040,Traje de gala,320000.00,Pieza,40,8000
Queretaro,Seguridad Publica Estatal,02,2000,2700,271,001042,Zapato,1360000.00,Par,850,1600
Queretaro,Seguridad Publica Municipal,02,2000,2700,271,002003,Botas,6300000.00,Par,1800,3500
Queretaro,Seguridad Publica Municipal,02,2000,2700,271,002006,Camisa,7920000.00,Pieza,3600,2200
Queretaro,Seguridad Publica Municipal,02,2000,2700,271,002007,Camisola (especificar),3780000.00,Pieza,1800,2100
Queretaro,Seguridad Publica Municipal,02,2000,2700,271,002009,Chamarra (especificar),2136112.00,Pieza,712,3000.157303
Queretaro,Seguridad Publica Municipal,02,2000,2700,271,002015,Gorra tipo beisbolera,900000.00,Pieza,1800,500
Queretaro,Seguridad Publica Municipal,02,2000,2700,271,002021,Pantalon (especificar),10800000.00,Pieza,5400,2000
Queretaro,Procuracion de Justicia,02,2000,2700,271,003003,Botas,1173140.00,Par,400,2932.85
Queretaro,Procuracion de Justicia,02,2000,2700,271,003006,Camisola (especificar),803988.00,Pieza,400,2009.97
Queretaro,Procuracion de Justicia,02,2000,2700,271,003008,Chamarra (especificar),1103560.00,Pieza,400,2758.9
Queretaro,Procuracion de Justicia,02,2000,2700,271,003014,Gorra tipo beisbolera,180000.00,Pieza,400,450
Queretaro,Procuracion de Justicia,02,2000,2700,271,003020,Pantalon (especificar),659612.00,Pieza,400,1649.03
Queretaro,Procuracion de Justicia,02,2000,2700,271,003024,Playera,583680.00,Pieza,1200,486.4
Queretaro,Procuracion de Justicia,02,2000,2700,271,003032,Rompevientos,731068.00,Pieza,400,1827.67
Quintana Roo,Seguridad Publica Estatal,02,2000,2700,271,001003,Botas,2177000.00,Par,1400,1555
Quintana Roo,Seguridad Publica Estatal,02,2000,2700,271,001005,Camisa,3606400.00,Pieza,2800,1288
Quintana Roo,Seguridad Publica Estatal,02,2000,2700,271,001014,Gorra tipo beisbolera,196000.00,Pieza,1400,140
Quintana Roo,Seguridad Publica Estatal,02,2000,2700,271,001016,Impermeable,261000.00,Pieza,250,1044
Quintana Roo,Seguridad Publica Estatal,02,2000,2700,271,001021,Pantalon (especificar),3348800.00,Pieza,2800,1196
Quintana Roo,Seguridad Publica Municipal,02,2000,2700,271,002003,Botas,5252800.00,Par,3283,1600
Quintana Roo,Seguridad Publica Municipal,02,2000,2700,271,002006,Camisa,4693000.00,Pieza,3610,1300
Quintana Roo,Seguridad Publica Municipal,02,2000,2700,271,002007,Camisola (especificar),864499.35,Pieza,825,1047.878
Quintana Roo,Seguridad Publica Municipal,02,2000,2700,271,002009,Chamarra (especificar),165000.00,Pieza,55,3000
Quintana Roo,Seguridad Publica Municipal,02,2000,2700,271,002011,Cinturon tactico,167452.00,Pieza,455,368.0263736
Quintana Roo,Seguridad Publica Municipal,02,2000,2700,271,002015,Gorra tipo beisbolera,603000.00,Pieza,3015,200
Quintana Roo,Seguridad Publica Municipal,02,2000,2700,271,002017,Impermeable,385000.00,Pieza,350,1100
Quintana Roo,Seguridad Publica Municipal,02,2000,2700,271,002021,Pantalon (especificar),5310500.00,Pieza,4085,1300
Quintana Roo,Seguridad Publica Municipal,02,2000,2700,271,002025,Playera,98968.00,Pieza,480,206.1833333
Quintana Roo,Seguridad Publica Municipal,02,2000,2700,271,002029,Porta fusil tactico,13035.50,Pieza,31,420.5
Quintana Roo,Seguridad Publica Municipal,02,2000,2700,271,002035,Short,18000.00,Pieza,30,600
Quintana Roo,Seguridad Publica Municipal,02,2000,2700,271,002040,Tocado con bordado,84000.00,Pieza,168,500
Quintana Roo,Seguridad Publica Municipal,02,2000,2700,271,002043,Zapato,207000.00,Par,300,690
San Luis Potosi,Procuracion de Justicia,02,2000,2700,271,003003,Botas,661200.00,Par,150,4408
San Luis Potosi,Procuracion de Justicia,02,2000,2700,271,003005,Camisa (especificar),283620.00,Pieza,150,1890.8
San Luis Potosi,Procuracion de Justicia,02,2000,2700,271,003008,Chamarra (especificar),381060.00,Pieza,150,2540.4
San Luis Potosi,Procuracion de Justicia,02,2000,2700,271,003014,Gorra tipo beisbolera,55680.00,Pieza,150,371.2
San Luis Potosi,Procuracion de Justicia,02,2000,2700,271,003020,Pantalon (especificar),294060.00,Pieza,150,1960.4
San Luis Potosi,Procuracion de Justicia,02,2000,2700,271,003024,Playera,222720.00,Pieza,150,1484.8
Sinaloa,Seguridad Publica Estatal,02,2000,2700,271,001003,Botas,3450000.00,Par,1150,3000
Sinaloa,Seguridad Publica Estatal,02,2000,2700,271,001006,Camisola (especificar),2970000.00,Pieza,2200,1350
Sinaloa,Seguridad Publica Estatal,02,2000,2700,271,001008,Chamarra,2100000.00,Pieza,1050,2000
Sinaloa,Seguridad Publica Estatal,02,2000,2700,271,001014,Gorra tipo beisbolera,262500.00,Pieza,1050,250
Sinaloa,Seguridad Publica Estatal,02,2000,2700,271,001021,Pantalon (especificar),2530000.00,Pieza,2200,1150
Sinaloa,Seguridad Publica Municipal,02,2000,2700,271,002003,Botas,1500000.00,Par,500,3000
Sinaloa,Seguridad Publica Municipal,02,2000,2700,271,002007,Camisola (especificar),675000.00,Pieza,500,1350
Sinaloa,Seguridad Publica Municipal,02,2000,2700,271,002015,Gorra tipo beisbolera,125000.00,Pieza,500,250
Sinaloa,Seguridad Publica Municipal,02,2000,2700,271,002021,Pantalon (especificar),575000.00,Pieza,500,1150
Sinaloa,Procuracion de Justicia,02,2000,2700,271,003003,Botas,2496035.00,Par,1015,2459.147783
Sinaloa,Procuracion de Justicia,02,2000,2700,271,003006,Camisola (especificar),1247500.00,Pieza,880,1417.613636
Sinaloa,Procuracion de Justicia,02,2000,2700,271,003007,Chaleco tactico,44500.00,Pieza,50,890
Sinaloa,Procuracion de Justicia,02,2000,2700,271,003008,Chamarra (especificar),58342.00,Pieza,15,3889.466667
Sinaloa,Procuracion de Justicia,02,2000,2700,271,003014,Gorra tipo beisbolera,322960.00,Pieza,880,367
Sinaloa,Procuracion de Justicia,02,2000,2700,271,003020,Pantalon (especificar),1506560.00,Pieza,880,1712
Sinaloa,Procuracion de Justicia,02,2000,2700,271,003024,Playera,513156.00,Pieza,300,1710.52
Sonora,Seguridad Publica Estatal,02,2000,2700,271,001003,Botas,6404063.44,Par,2000,3202.03172
Sonora,Seguridad Publica Estatal,02,2000,2700,271,001006,Camisola (especificar),3810000.00,Pieza,2000,1905
Sonora,Seguridad Publica Estatal,02,2000,2700,271,001021,Pantalon (especificar),4420000.00,Pieza,2000,2210
Sonora,Procuracion de Justicia,02,2000,2700,271,003003,Botas,301600.00,Par,100,3016
Sonora,Procuracion de Justicia,02,2000,2700,271,003005,Camisa (especificar),190240.00,Pieza,100,1902.4
Sonora,Procuracion de Justicia,02,2000,2700,271,003020,Pantalon (especificar),220400.00,Pieza,100,2204
Tabasco,Seguridad Publica Estatal,02,2000,2700,271,001003,Botas,2761540.57,Par,2349,1175.623912
Tabasco,Seguridad Publica Estatal,02,2000,2700,271,001006,Camisola (especificar),5916638.00,Pieza,2543,2326.637043
Tabasco,Seguridad Publica Estatal,02,2000,2700,271,001021,Pantalon (especificar),4321986.00,Pieza,2543,1699.561935
Tabasco,Procuracion de Justicia,02,2000,2700,271,003003,Botas,1205820.00,Par,700,1722.6
Tabasco,Procuracion de Justicia,02,2000,2700,271,003005,Camisa (especificar),1615880.00,Pieza,700,2308.4
Tabasco,Procuracion de Justicia,02,2000,2700,271,003020,Pantalon (especificar),1051540.00,Pieza,700,1502.2
Tamaulipas,Seguridad Publica Estatal,02,2000,2700,271,001003,Botas,635602.00,Par,200,3178.01
Tamaulipas,Seguridad Publica Estatal,02,2000,2700,271,001004,Calceton,120402.00,Par,200,602.01
Tamaulipas,Seguridad Publica Estatal,02,2000,2700,271,001005,Camisa,1345600.00,Pieza,400,3364
Tamaulipas,Seguridad Publica Estatal,02,2000,2700,271,001008,Chamarra,508800.00,Pieza,200,2544
Tamaulipas,Seguridad Publica Estatal,02,2000,2700,271,001010,Cinturon tactico,210800.00,Pieza,200,1054
Tamaulipas,Seguridad Publica Estatal,02,2000,2700,271,001013,Funda lateral,44002.00,Pieza,200,220.01
Tamaulipas,Seguridad Publica Estatal,02,2000,2700,271,001014,Gorra tipo beisbolera,54000.00,Pieza,200,270
Tamaulipas,Seguridad Publica Estatal,02,2000,2700,271,001016,Impermeable,300000.00,Pieza,200,1500
Tamaulipas,Seguridad Publica Estatal,02,2000,2700,271,001021,Pantalon (especificar),1345600.00,Pieza,400,3364
Tamaulipas,Seguridad Publica Estatal,02,2000,2700,271,001025,Playera,508000.00,Pieza,400,1270
Tamaulipas,Seguridad Publica Estatal,02,2000,2700,271,001027,Porta cargador,40600.00,Pieza,200,203
Tamaulipas,Seguridad Publica Estatal,02,2000,2700,271,001028,Porta esposas,25598.00,Pieza,200,127.99
Tamaulipas,Seguridad Publica Estatal,02,2000,2700,271,001031,Porta radio,44002.00,Pieza,200,220.01
Tamaulipas,Seguridad Publica Estatal,02,2000,2700,271,001046,Porta pistolera,44002.00,Pieza,200,220.01
Tlaxcala,Seguridad Publica Estatal,02,2000,2700,271,001003,Botas,2925000.00,Par,975,3000
Tlaxcala,Seguridad Publica Estatal,02,2000,2700,271,001006,Camisola (especificar),4000000.00,Pieza,2000,2000
Tlaxcala,Seguridad Publica Estatal,02,2000,2700,271,001008,Chamarra,5000000.00,Pieza,2000,2500
Tlaxcala,Seguridad Publica Estatal,02,2000,2700,271,001010,Cinturon tactico,1000000.00,Pieza,2000,500
Tlaxcala,Seguridad Publica Estatal,02,2000,2700,271,001014,Gorra tipo beisbolera,400000.00,Pieza,1000,400
Tlaxcala,Seguridad Publica Estatal,02,2000,2700,271,001018,Kepi,400000.00,Pieza,1000,400
Tlaxcala,Seguridad Publica Estatal,02,2000,2700,271,001021,Pantalon (especificar),2962500.00,Pieza,1975,1500
Tlaxcala,Seguridad Publica Estatal,02,2000,2700,271,001042,Zapato,1300000.00,Par,1000,1300
Tlaxcala,Seguridad Publica Estatal,02,2000,2700,271,001043,Bota para motociclista,75000.00,Par,25,3000
Tlaxcala,Seguridad Publica Estatal,02,2000,2700,271,001044,Pantalon para motociclista,37500.00,Pieza,25,1500
Tlaxcala,Seguridad Publica Municipal,02,2000,2700,271,002003,Botas,2400000.00,Par,800,3000
Tlaxcala,Seguridad Publica Municipal,02,2000,2700,271,002007,Camisola (especificar),1600000.00,Pieza,800,2000
Tlaxcala,Seguridad Publica Municipal,02,2000,2700,271,002009,Chamarra (especificar),2000000.00,Pieza,800,2500
Tlaxcala,Seguridad Publica Municipal,02,2000,2700,271,002011,Cinturon tactico,400000.00,Pieza,800,500
Tlaxcala,Seguridad Publica Municipal,02,2000,2700,271,002015,Gorra tipo beisbolera,320000.00,Pieza,800,400
Tlaxcala,Seguridad Publica Municipal,02,2000,2700,271,002021,Pantalon (especificar),1200000.00,Pieza,800,1500
Veracruz,Seguridad Publica Estatal,02,2000,2700,271,001003,Botas,6830584.00,Par,4829,1414.492441
Veracruz,Seguridad Publica Estatal,02,2000,2700,271,001006,Camisola (especificar),3921709.00,Pieza,4829,812.1161731
Veracruz,Seguridad Publica Estatal,02,2000,2700,271,001008,Chamarra,5587748.00,Pieza,4829,1157.123214
Veracruz,Seguridad Publica Estatal,02,2000,2700,271,001014,Gorra tipo beisbolera,865958.00,Pieza,4829,179.3244978
Veracruz,Seguridad Publica Estatal,02,2000,2700,271,001021,Pantalon (especificar),3603479.00,Pieza,4829,746.2164009
Veracruz,Seguridad Publica Estatal,02,2000,2700,271,001025,Playera,861085.00,Pieza,4829,178.3153862
Veracruz,Seguridad Publica Municipal,02,2000,2700,271,002004,Botines,5803783.00,Par,4587,1265.267713
Veracruz,Seguridad Publica Municipal,02,2000,2700,271,002007,Camisola (especificar),1506593.00,Pieza,1620,929.995679
Veracruz,Seguridad Publica Municipal,02,2000,2700,271,002009,Chamarra (especificar),2173389.00,Pieza,1620,1341.598148
Veracruz,Seguridad Publica Municipal,02,2000,2700,271,002015,Gorra tipo beisbolera,277991.00,Pieza,1620,171.5993827
Veracruz,Seguridad Publica Municipal,02,2000,2700,271,002021,Pantalon (especificar),1369674.00,Pieza,1619,846
Veracruz,Seguridad Publica Municipal,02,2000,2700,271,002025,Playera,275714.00,Pieza,1618,170.4042027
Veracruz,Procuracion de Justicia,02,2000,2700,271,003003,Botas,4377840.00,Par,1700,2575.2
Veracruz,Procuracion de Justicia,02,2000,2700,271,003006,Camisola (especificar),2857428.00,Pieza,1700,1680.84
Veracruz,Procuracion de Justicia,02,2000,2700,271,003014,Gorra tipo beisbolera,487084.00,Pieza,1700,286.52
Veracruz,Procuracion de Justicia,02,2000,2700,271,003020,Pantalon (especificar),2433448.00,Pieza,1700,1431.44
Yucatan,Seguridad Publica Estatal,02,2000,2700,271,001003,Botas,7614000.00,Par,3600,2115
Yucatan,Seguridad Publica Estatal,02,2000,2700,271,001006,Camisola (especificar),4536000.00,Pieza,3600,1260
Yucatan,Seguridad Publica Estatal,02,2000,2700,271,001014,Gorra tipo beisbolera,1152000.00,Pieza,3600,320
Yucatan,Seguridad Publica Estatal,02,2000,2700,271,001017,Insignias y divisas,2664000.00,Pieza,3600,740
Yucatan,Seguridad Publica Estatal,02,2000,2700,271,001021,Pantalon (especificar),5112000.00,Pieza,3600,1420
Yucatan,Procuracion de Justicia,02,2000,2700,271,003003,Botas,36000.00,Par,12,3000
Yucatan,Procuracion de Justicia,02,2000,2700,271,003005,Camisa (especificar),475000.00,Pieza,950,500
Yucatan,Procuracion de Justicia,02,2000,2700,271,003007,Chaleco tactico,619200.00,Pieza,387,1600
Yucatan,Procuracion de Justicia,02,2000,2700,271,003020,Pantalon (especificar),355200.00,Pieza,289,1229.065744
Yucatan,Procuracion de Justicia,02,2000,2700,271,003024,Playera,265500.00,Pieza,177,1500
Zacatecas,Seguridad Publica Estatal,02,2000,2700,271,001003,Botas,3138960.00,Par,1100,2853.6
Zacatecas,Seguridad Publica Estatal,02,2000,2700,271,001005,Camisa,701939.00,Pieza,320,2193.559375
Zacatecas,Seguridad Publica Estatal,02,2000,2700,271,001006,Camisola (especificar),4825832.00,Pieza,2200,2193.56
Zacatecas,Seguridad Publica Estatal,02,2000,2700,271,001008,Chamarra,5381402.00,Pieza,1420,3789.719718
Zacatecas,Seguridad Publica Estatal,02,2000,2700,271,001014,Gorra tipo beisbolera,1036112.00,Pieza,2200,470.96
Zacatecas,Seguridad Publica Estatal,02,2000,2700,271,001018,Kepi,208000.00,Pieza,320,650
Zacatecas,Seguridad Publica Estatal,02,2000,2700,271,001021,Pantalon (especificar),5527771.00,Pieza,2520,2193.559921
Zacatecas,Seguridad Publica Estatal,02,2000,2700,271,001027,Porta cargador,1240102.00,Pieza,1975,627.8997468
Zacatecas,Seguridad Publica Estatal,02,2000,2700,271,001040,Traje de gala,102860.00,Pieza,20,5143
Zacatecas,Seguridad Publica Estatal,02,2000,2700,271,001042,Zapato,464160.00,Par,320,1450.5
Zacatecas,Seguridad Publica Municipal,02,2000,2700,271,002003,Botas,2713600.00,Par,848,3200
Zacatecas,Seguridad Publica Municipal,02,2000,2700,271,002007,Camisola (especificar),2162400.00,Pieza,848,2550
Zacatecas,Seguridad Publica Municipal,02,2000,2700,271,002009,Chamarra (especificar),2844150.00,Pieza,849,3350
Zacatecas,Seguridad Publica Municipal,02,2000,2700,271,002015,Gorra tipo beisbolera,301279.00,Pieza,849,354.8633687
Zacatecas,Seguridad Publica Municipal,02,2000,2700,271,002021,Pantalon (especificar),2164950.00,Pieza,849,2550
Zacatecas,Seguridad Publica Municipal,02,2000,2700,271,002027,Porta cargador,297150.00,Pieza,849,350
Zacatecas,Seguridad Publica Municipal,02,2000,2700,271,002028,Porta esposas,297150.00,Pieza,849,350
Zacatecas,Seguridad Publica Municipal,02,2000,2700,271,002029,Porta fusil tactico,297150.00,Pieza,849,350
Zacatecas,Seguridad Publica Municipal,02,2000,2700,271,002030,Porta lampara,297150.00,Pieza,849,350
Zacatecas,Seguridad Publica Municipal,02,2000,2700,271,002031,Porta radio,297150.00,Pieza,849,350
Zacatecas,Procuracion de Justicia,02,2000,2700,271,003003,Botas,1468194.00,Par,447,3284.550336
Zacatecas,Procuracion de Justicia,02,2000,2700,271,003020,Pantalon (especificar),887556.00,Pieza,447,1985.583893